ID,First Name,Last Name,Email,Phone,Address,City,State,Zip Code,Salary
1,John,Doe,johndoe@example.com,555-123-4567,123 Main St,Anytown,CA,12345,80000
2,Jane,Smith,janesmith@example.com,555-987-6543,456 Elm St,Anotherville,NY,54321,75000
3,Bob,Johnson,bobjohnson@example.com,555-555-5555,789 Oak St,Smallville,TX,67890,90000
4,Alice,Brown,alicebrown@example.com,555-456-7890,101 Pine St,Yourtown,WA,34567,85000
5,Emily,Clark,emilyclark@example.com,555-789-1234,202 Maple St,Everytown,IL,23456,82000
6,Michael,Williams,michael@example.com,555-321-6789,303 Cedar St,Theville,OH,45678,95000
7,Susan,Davis,susandavis@example.com,555-234-5678,404 Birch St,Nowhere,FL,56789,70000
8,David,Lee,davidlee@example.com,555-876-5432,505 Redwood St,Heretown,MI,67890,88000
9,Linda,Miller,lindamiller@example.com,555-654-3210,606 Spruce St,Everywhere,PA,78901,78000
10,William,Moore,williammoore@example.com,555-111-2222,707 Cedar St,Anyville,CA,89012,92000
